rating,type,response_time
4,Complete,Before 2021-06-01
1,Partial,Before 2021-06-01
4,Partial,Before 2021-06-01
4,Complete,Before 2021-06-01
5,Complete,Before 2021-06-01
5,Complete,Before 2021-06-01
5,Partial,Before 2021-06-01
2,Partial,Before 2021-06-01
5,Complete,Before 2021-06-01
3,Complete,Before 2021-06-01
1,Complete,Before 2021-06-01
4,Partial,Before 2021-06-01
4,Partial,Before 2021-06-01
5,Complete,Before 2021-06-01
1,Complete,Before 2021-06-01
1,Partial,Before 2021-06-01
2,Complete,Before 2021-06-01
5,Partial,Before 2021-06-01
2,Complete,Before 2021-06-01
3,Complete,Before 2021-06-01
4,Complete,Before 2021-06-01
1,Partial,Before 2021-06-01
3,Complete,Before 2021-06-01
4,Complete,Before 2021-06-01
5,Partial,Before 2021-06-01
1,Complete,Before 2021-06-01
1,Partial,Before 2021-06-01
4,Complete,Before 2021-06-01
3,Complete,Before 2021-06-01
1,Complete,Before 2021-06-01
4,Complete,Before 2021-06-01
1,Complete,Before 2021-06-01
4,Complete,Before 2021-06-01
5,Complete,Before 2021-06-01
2,Partial,Before 2021-06-01
5,Partial,Before 2021-06-01
2,Complete,Before 2021-06-01
2,Partial,Before 2021-06-01
2,Complete,Before 2021-06-01
4,Partial,Before 2021-06-01
4,Complete,Before 2021-06-01
3,Complete,Before 2021-06-01
5,Partial,Before 2021-06-01
5,Complete,Before 2021-06-01
5,Partial,Before 2021-06-01
5,Partial,Before 2021-06-01
3,Partial,Before 2021-06-01
5,Partial,Before 2021-06-01
3,Complete,Before 2021-06-01
2,Partial,Before 2021-06-01
4,Complete,Before 2021-06-01
2,Partial,Before 2021-06-01
5,Partial,Before 2021-06-01
5,Complete,Before 2021-06-01
5,Partial,Before 2021-06-01
5,Complete,Before 2021-06-01
2,Complete,Before 2021-06-01
5,Complete,Before 2021-06-01
5,Partial,Before 2021-06-01
5,Partial,Before 2021-06-01
5,Complete,Before 2021-06-01
5,Complete,Before 2021-06-01
5,Partial,Before 2021-06-01
4,Partial,Before 2021-06-01
3,Partial,Before 2021-06-01
5,Partial,Before 2021-06-01
5,Partial,Before 2021-06-01
3,Partial,Before 2021-06-01
5,Partial,Before 2021-06-01
4,Complete,Before 2021-06-01
3,Partial,Before 2021-06-01
1,Partial,Before 2021-06-01
5,Partial,Before 2021-06-01
4,Complete,Before 2021-06-01
1,Partial,Before 2021-06-01
3,Complete,Before 2021-06-01
2,Partial,Before 2021-06-01
3,Partial,Before 2021-06-01
2,Partial,Before 2021-06-01
4,Partial,Before 2021-06-01
3,Complete,Before 2021-06-01
2,Partial,Before 2021-06-01
2,Partial,Before 2021-06-01
5,Complete,Before 2021-06-01
4,Partial,Before 2021-06-01
5,Partial,Before 2021-06-01
2,Complete,Before 2021-06-01
5,Complete,Before 2021-06-01
1,Complete,Before 2021-06-01
4,Partial,Before 2021-06-01
4,Partial,Before 2021-06-01
3,Partial,Before 2021-06-01
3,Complete,Before 2021-06-01
5,Partial,Before 2021-06-01
2,Partial,Before 2021-06-01
2,Complete,Before 2021-06-01
1,Complete,Before 2021-06-01
5,Complete,Before 2021-06-01
4,Partial,Before 2021-06-01
3,Complete,Before 2021-06-01
2,Complete,Before 2021-06-01
5,Partial,Before 2021-06-01
5,Partial,Before 2021-06-01
5,Complete,Before 2021-06-01
5,Complete,Before 2021-06-01
5,Partial,Before 2021-06-01
2,Complete,Before 2021-06-01
1,Partial,Before 2021-06-01
5,Partial,Before 2021-06-01
5,Complete,Before 2021-06-01
2,Partial,Before 2021-06-01
4,Complete,Before 2021-06-01
4,Complete,Before 2021-06-01
3,Partial,Before 2021-06-01
5,Partial,Before 2021-06-01
5,Partial,Before 2021-06-01
2,Complete,Before 2021-06-01
3,Partial,Before 2021-06-01
2,Partial,Before 2021-06-01
4,Partial,Before 2021-06-01
4,Partial,Before 2021-06-01
2,Complete,Before 2021-06-01
5,Complete,Before 2021-06-01
5,Partial,Before 2021-06-01
1,Partial,Before 2021-06-01
4,Complete,Before 2021-06-01
4,Complete,Before 2021-06-01
4,Partial,Before 2021-06-01
2,Partial,Before 2021-06-01
2,Partial,Before 2021-06-01
1,Partial,Before 2021-06-01
2,Complete,Before 2021-06-01
3,Complete,Before 2021-06-01
5,Complete,Before 2021-06-01
1,Complete,Before 2021-06-01
5,Complete,Before 2021-06-01
3,Partial,Before 2021-06-01
5,Complete,Before 2021-06-01
4,Partial,Before 2021-06-01
5,Partial,Before 2021-06-01
5,Partial,Before 2021-06-01
4,Complete,Before 2021-06-01
2,Complete,Before 2021-06-01
4,Complete,Before 2021-06-01
5,Partial,Before 2021-06-01
5,Partial,Before 2021-06-01
1,Partial,Before 2021-06-01
4,Partial,Before 2021-06-01
5,Complete,Before 2021-06-01
1,Complete,Before 2021-06-01
4,Partial,Before 2021-06-01
4,Partial,Before 2021-06-01
3,Complete,Before 2021-06-01
5,Partial,Before 2021-06-01
2,Partial,Before 2021-06-01
5,Complete,Before 2021-06-01
5,Complete,Before 2021-06-01
5,Partial,Before 2021-06-01
4,Complete,Before 2021-06-01
2,Complete,Before 2021-06-01
3,Partial,Before 2021-06-01
4,Partial,Before 2021-06-01
5,Complete,Before 2021-06-01
4,Complete,Before 2021-06-01
4,Partial,Before 2021-06-01
4,Partial,Before 2021-06-01
5,Complete,Before 2021-06-01
1,Partial,Before 2021-06-01
2,Complete,Before 2021-06-01
4,Partial,Before 2021-06-01
3,Partial,Before 2021-06-01
5,Partial,Before 2021-06-01
4,Partial,Before 2021-06-01
3,Partial,Before 2021-06-01
4,Complete,Before 2021-06-01
2,Complete,Before 2021-06-01
4,Partial,Before 2021-06-01
5,Complete,Before 2021-06-01
5,Complete,Before 2021-06-01
5,Complete,Before 2021-06-01
5,Complete,Before 2021-06-01
3,Partial,Before 2021-06-01
5,Complete,Before 2021-06-01
5,Complete,Before 2021-06-01
4,Complete,Before 2021-06-01
2,Partial,Before 2021-06-01
5,Complete,Before 2021-06-01
4,Complete,Before 2021-06-01
3,Partial,Before 2021-06-01
1,Complete,Before 2021-06-01
5,Partial,Before 2021-06-01
5,Complete,Before 2021-06-01
2,Partial,Before 2021-06-01
3,Complete,Before 2021-06-01
5,Partial,Before 2021-06-01
5,Complete,Before 2021-06-01
4,Complete,Before 2021-06-01
4,Complete,Before 2021-06-01
5,Complete,Before 2021-06-01
5,Partial,Before 2021-06-01
4,Complete,Before 2021-06-01
5,Partial,Before 2021-06-01
3,Partial,Before 2021-06-01
1,Partial,Before 2021-06-01
4,Partial,Before 2021-06-01
1,Partial,Before 2021-06-01
5,Partial,Before 2021-06-01
4,Complete,Before 2021-06-01
3,Partial,Before 2021-06-01
5,Partial,Before 2021-06-01
4,Partial,Before 2021-06-01
5,Partial,Before 2021-06-01
1,Partial,Before 2021-06-01
5,Complete,Before 2021-06-01
5,Complete,Before 2021-06-01
4,Partial,Before 2021-06-01
4,Complete,Before 2021-06-01
4,Complete,Before 2021-06-01
2,Complete,Before 2021-06-01
5,Partial,Before 2021-06-01
5,Complete,Before 2021-06-01
5,Complete,Before 2021-06-01
3,Complete,Before 2021-06-01
5,Complete,Before 2021-06-01
1,Complete,Before 2021-06-01
2,Partial,Before 2021-06-01
2,Complete,Before 2021-06-01
4,Partial,Before 2021-06-01
1,Partial,Before 2021-06-01
4,Partial,Before 2021-06-01
5,Complete,Before 2021-06-01
5,Partial,Before 2021-06-01
3,Partial,Before 2021-06-01
4,Complete,Before 2021-06-01
1,Partial,Before 2021-06-01
4,Partial,Before 2021-06-01
5,Complete,Before 2021-06-01
5,Partial,Before 2021-06-01
3,Partial,Before 2021-06-01
1,Partial,Before 2021-06-01
1,Complete,Before 2021-06-01
5,Complete,Before 2021-06-01
4,Partial,Before 2021-06-01
5,Complete,Before 2021-06-01
4,Partial,Before 2021-06-01
5,Complete,Before 2021-06-01
5,Partial,Before 2021-06-01
4,Partial,Before 2021-06-01
4,Complete,Before 2021-06-01
3,Partial,Before 2021-06-01
5,Complete,Before 2021-06-01
5,Partial,Before 2021-06-01
5,Complete,Before 2021-06-01
5,Complete,Before 2021-06-01
4,Partial,Before 2021-06-01
5,Partial,Before 2021-06-01
1,Complete,Before 2021-06-01
5,Partial,Before 2021-06-01
5,Partial,Before 2021-06-01
4,Complete,Before 2021-06-01
4,Partial,Before 2021-06-01
4,Complete,Before 2021-06-01
4,Complete,Before 2021-06-01
5,Complete,Before 2021-06-01
5,Partial,Before 2021-06-01
5,Partial,Before 2021-06-01
5,Partial,Before 2021-06-01
4,Complete,Before 2021-06-01
1,Partial,Before 2021-06-01
1,Partial,Before 2021-06-01
5,Partial,Before 2021-06-01
5,Partial,Before 2021-06-01
1,Complete,Before 2021-06-01
5,Complete,Before 2021-06-01
5,Partial,Before 2021-06-01
5,Complete,Before 2021-06-01
2,Complete,Before 2021-06-01
1,Complete,Before 2021-06-01
5,Complete,Before 2021-06-01
3,Complete,Before 2021-06-01
5,Complete,Before 2021-06-01
5,Partial,Before 2021-06-01
4,Complete,Before 2021-06-01
5,Complete,Before 2021-06-01
2,Partial,Before 2021-06-01
5,Partial,Before 2021-06-01
5,Complete,Before 2021-06-01
3,Partial,Before 2021-06-01
5,Partial,Before 2021-06-01
5,Complete,Before 2021-06-01
4,Complete,Before 2021-06-01
2,Partial,Before 2021-06-01
3,Partial,Before 2021-06-01
5,Complete,Before 2021-06-01
5,Complete,Before 2021-06-01
1,Partial,Before 2021-06-01
5,Partial,Before 2021-06-01
5,Partial,Before 2021-06-01
5,Partial,Before 2021-06-01
2,Partial,Before 2021-06-01
5,Partial,Before 2021-06-01
2,Partial,Before 2021-06-01
4,Partial,Before 2021-06-01
5,Complete,Before 2021-06-01
3,Complete,Before 2021-06-01
3,Complete,Before 2021-06-01
1,Complete,Before 2021-06-01
4,Complete,Before 2021-06-01
4,Partial,Before 2021-06-01
3,Complete,Before 2021-06-01
5,Complete,Before 2021-06-01
4,Partial,Before 2021-06-01
5,Complete,Before 2021-06-01
5,Complete,Before 2021-06-01
5,Partial,Before 2021-06-01
5,Complete,Before 2021-06-01
4,Complete,Before 2021-06-01
5,Complete,Before 2021-06-01
2,Partial,Before 2021-06-01
4,Partial,Before 2021-06-01
1,Complete,Before 2021-06-01
3,Partial,Before 2021-06-01
1,Partial,Before 2021-06-01
2,Complete,Before 2021-06-01
1,Partial,Before 2021-06-01
3,Complete,Before 2021-06-01
2,Partial,Before 2021-06-01
2,Complete,Before 2021-06-01
5,Complete,Before 2021-06-01
5,Partial,Before 2021-06-01
5,Partial,Before 2021-06-01
4,Complete,Before 2021-06-01
5,Partial,Before 2021-06-01
1,Partial,Before 2021-06-01
3,Partial,Before 2021-06-01
4,Partial,Before 2021-06-01
5,Complete,Before 2021-06-01
5,Partial,Before 2021-06-01
5,Partial,Before 2021-06-01
5,Complete,Before 2021-06-01
5,Complete,Before 2021-06-01
1,Complete,Before 2021-06-01
5,Partial,Before 2021-06-01
5,Partial,Before 2021-06-01
4,Partial,Before 2021-06-01
5,Complete,Before 2021-06-01
5,Partial,Before 2021-06-01
5,Partial,Before 2021-06-01
4,Partial,Before 2021-06-01
5,Partial,Before 2021-06-01
4,Partial,Before 2021-06-01
5,Partial,Before 2021-06-01
1,Complete,Before 2021-06-01
2,Partial,Before 2021-06-01
3,Complete,Before 2021-06-01
1,Complete,Before 2021-06-01
3,Partial,Before 2021-06-01
4,Partial,Before 2021-06-01
2,Complete,Before 2021-06-01
3,Partial,Before 2021-06-01
5,Complete,Before 2021-06-01
5,Complete,Before 2021-06-01
5,Partial,Before 2021-06-01
5,Complete,Before 2021-06-01
3,Complete,Before 2021-06-01
4,Complete,Before 2021-06-01
5,Partial,Before 2021-06-01
5,Complete,Before 2021-06-01
4,Partial,Before 2021-06-01
2,Complete,Before 2021-06-01
4,Complete,Before 2021-06-01
5,Complete,Before 2021-06-01
2,Complete,Before 2021-06-01
4,Partial,Before 2021-06-01
2,Partial,Before 2021-06-01
5,Complete,Before 2021-06-01
2,Partial,Before 2021-06-01
3,Partial,Before 2021-06-01
5,Complete,Before 2021-06-01
4,Complete,Before 2021-06-01
1,Partial,Before 2021-06-01
1,Complete,Before 2021-06-01
1,Complete,Before 2021-06-01
5,Partial,Before 2021-06-01
5,Complete,Before 2021-06-01
4,Complete,Before 2021-06-01
4,Partial,Before 2021-06-01
5,Partial,Before 2021-06-01
4,Complete,Before 2021-06-01
3,Partial,Before 2021-06-01
4,Partial,Before 2021-06-01
3,Partial,Before 2021-06-01
5,Complete,Before 2021-06-01
3,Partial,Before 2021-06-01
5,Complete,Before 2021-06-01
3,Partial,Before 2021-06-01
3,Partial,Before 2021-06-01
4,Complete,Before 2021-06-01
2,Complete,Before 2021-06-01
1,Partial,Before 2021-06-01
5,Partial,Before 2021-06-01
1,Complete,Before 2021-06-01
5,Partial,Before 2021-06-01
5,Complete,Before 2021-06-01
5,Complete,Before 2021-06-01
5,Partial,Before 2021-06-01
4,Complete,Before 2021-06-01
4,Partial,Before 2021-06-01
4,Complete,Before 2021-06-01
4,Partial,Before 2021-06-01
2,Complete,Before 2021-06-01
3,Partial,Before 2021-06-01
5,Partial,Before 2021-06-01
2,Partial,Before 2021-06-01
5,Partial,Before 2021-06-01
3,Partial,Before 2021-06-01
4,Partial,Before 2021-06-01
3,Partial,Before 2021-06-01
4,Partial,Before 2021-06-01
3,Partial,Before 2021-06-01
1,Complete,Before 2021-06-01
3,Complete,Before 2021-06-01
4,Partial,Before 2021-06-01
2,Partial,Before 2021-06-01
5,Partial,Before 2021-06-01
2,Complete,Before 2021-06-01
5,Complete,Before 2021-06-01
4,Complete,Before 2021-06-01
2,Complete,Before 2021-06-01
4,Complete,Before 2021-06-01
2,Complete,Before 2021-06-01
2,Partial,Before 2021-06-01
5,Complete,Before 2021-06-01
1,Partial,Before 2021-06-01
1,Partial,Before 2021-06-01
3,Complete,Before 2021-06-01
5,Complete,Before 2021-06-01
5,Partial,Before 2021-06-01
5,Partial,Before 2021-06-01
5,Complete,Before 2021-06-01
1,Complete,Before 2021-06-01
3,Complete,Before 2021-06-01
5,Partial,Before 2021-06-01
3,Partial,Before 2021-06-01
1,Complete,Before 2021-06-01
5,Complete,Before 2021-06-01
4,Partial,Before 2021-06-01
4,Complete,Before 2021-06-01
5,Complete,Before 2021-06-01
4,Complete,Before 2021-06-01
5,Complete,Before 2021-06-01
5,Partial,Before 2021-06-01
5,Complete,Before 2021-06-01
5,Complete,Before 2021-06-01
3,Complete,Before 2021-06-01
4,Partial,Before 2021-06-01
5,Complete,Before 2021-06-01
4,Complete,Before 2021-06-01
5,Partial,Before 2021-06-01
3,Partial,Before 2021-06-01
1,Partial,Before 2021-06-01
4,Complete,Before 2021-06-01
4,Complete,Before 2021-06-01
5,Partial,Before 2021-06-01
3,Complete,Before 2021-06-01
2,Partial,Before 2021-06-01
3,Partial,Before 2021-06-01
5,Complete,Before 2021-06-01
4,Partial,Before 2021-06-01
3,Complete,Before 2021-06-01
2,Complete,Before 2021-06-01
2,Complete,Before 2021-06-01
5,Complete,Before 2021-06-01
4,Complete,Before 2021-06-01
2,Partial,Before 2021-06-01
5,Complete,Before 2021-06-01
4,Partial,Before 2021-06-01
5,Complete,Before 2021-06-01
5,Complete,Before 2021-06-01
1,Partial,Before 2021-06-01
5,Partial,Before 2021-06-01
5,Partial,Before 2021-06-01
4,Partial,Before 2021-06-01
5,Complete,Before 2021-06-01
4,Partial,Before 2021-06-01
3,Complete,Before 2021-06-01
2,Partial,Before 2021-06-01
4,Partial,Before 2021-06-01
1,Complete,Before 2021-06-01
5,Partial,Before 2021-06-01
4,Complete,Before 2021-06-01
4,Complete,Before 2021-06-01
5,Partial,Before 2021-06-01
5,Complete,Before 2021-06-01
1,Complete,Before 2021-06-01
3,Partial,Before 2021-06-01
5,Partial,Before 2021-06-01
3,Complete,Before 2021-06-01
5,Partial,Before 2021-06-01
2,Complete,Before 2021-06-01
1,Partial,After 2021-06-01
4,Partial,After 2021-06-01
4,Partial,After 2021-06-01
4,Partial,After 2021-06-01
2,Partial,After 2021-06-01
2,Partial,After 2021-06-01
4,Partial,After 2021-06-01
3,Partial,After 2021-06-01
2,Partial,After 2021-06-01
4,Partial,After 2021-06-01
3,Partial,After 2021-06-01
5,Partial,After 2021-06-01
5,Partial,After 2021-06-01
3,Partial,After 2021-06-01
1,Partial,After 2021-06-01
3,Partial,After 2021-06-01
2,Partial,After 2021-06-01
4,Partial,After 2021-06-01
4,Partial,After 2021-06-01
4,Partial,After 2021-06-01
2,Partial,After 2021-06-01
2,Partial,After 2021-06-01
2,Partial,After 2021-06-01
4,Partial,After 2021-06-01
4,Partial,After 2021-06-01
3,Partial,After 2021-06-01
4,Partial,After 2021-06-01
2,Partial,After 2021-06-01
4,Partial,After 2021-06-01
3,Partial,After 2021-06-01
5,Partial,After 2021-06-01
3,Partial,After 2021-06-01
2,Partial,After 2021-06-01
2,Partial,After 2021-06-01
5,Partial,After 2021-06-01
1,Partial,After 2021-06-01
2,Partial,After 2021-06-01
2,Partial,After 2021-06-01
4,Partial,After 2021-06-01
1,Partial,After 2021-06-01
5,Partial,After 2021-06-01
3,Partial,After 2021-06-01
3,Partial,After 2021-06-01
2,Partial,After 2021-06-01
3,Partial,After 2021-06-01
5,Partial,After 2021-06-01
3,Partial,After 2021-06-01
4,Partial,After 2021-06-01
5,Partial,After 2021-06-01
2,Partial,After 2021-06-01
2,Partial,After 2021-06-01
3,Partial,After 2021-06-01
4,Partial,After 2021-06-01
3,Partial,After 2021-06-01
3,Partial,After 2021-06-01
1,Partial,After 2021-06-01
2,Partial,After 2021-06-01
2,Partial,After 2021-06-01
4,Partial,After 2021-06-01
2,Partial,After 2021-06-01
4,Partial,After 2021-06-01
3,Partial,After 2021-06-01
3,Partial,After 2021-06-01
2,Partial,After 2021-06-01
3,Partial,After 2021-06-01
3,Partial,After 2021-06-01
5,Partial,After 2021-06-01
3,Partial,After 2021-06-01
5,Partial,After 2021-06-01
1,Partial,After 2021-06-01
5,Partial,After 2021-06-01
1,Partial,After 2021-06-01
2,Partial,After 2021-06-01
2,Partial,After 2021-06-01
3,Partial,After 2021-06-01
3,Partial,After 2021-06-01
4,Partial,After 2021-06-01
5,Partial,After 2021-06-01
4,Partial,After 2021-06-01
1,Partial,After 2021-06-01
4,Partial,After 2021-06-01
3,Partial,After 2021-06-01
3,Partial,After 2021-06-01
2,Partial,After 2021-06-01
3,Partial,After 2021-06-01
2,Partial,After 2021-06-01
1,Partial,After 2021-06-01
3,Partial,After 2021-06-01
1,Partial,After 2021-06-01
4,Partial,After 2021-06-01
3,Partial,After 2021-06-01
2,Partial,After 2021-06-01
3,Partial,After 2021-06-01
3,Partial,After 2021-06-01
4,Partial,After 2021-06-01
3,Partial,After 2021-06-01
2,Partial,After 2021-06-01
3,Partial,After 2021-06-01
2,Partial,After 2021-06-01
1,Partial,After 2021-06-01
5,Complete,After 2021-06-01
5,Complete,After 2021-06-01
1,Complete,After 2021-06-01
2,Complete,After 2021-06-01
5,Complete,After 2021-06-01
4,Complete,After 2021-06-01
3,Complete,After 2021-06-01
5,Complete,After 2021-06-01
5,Complete,After 2021-06-01
5,Complete,After 2021-06-01
2,Complete,After 2021-06-01
5,Complete,After 2021-06-01
5,Complete,After 2021-06-01
5,Complete,After 2021-06-01
4,Complete,After 2021-06-01
4,Complete,After 2021-06-01
3,Complete,After 2021-06-01
5,Complete,After 2021-06-01
3,Complete,After 2021-06-01
4,Complete,After 2021-06-01
2,Complete,After 2021-06-01
4,Complete,After 2021-06-01
3,Complete,After 2021-06-01
4,Complete,After 2021-06-01
2,Complete,After 2021-06-01
4,Complete,After 2021-06-01
3,Complete,After 2021-06-01
5,Complete,After 2021-06-01
3,Complete,After 2021-06-01
5,Complete,After 2021-06-01
4,Complete,After 2021-06-01
5,Complete,After 2021-06-01
1,Complete,After 2021-06-01
5,Complete,After 2021-06-01
4,Complete,After 2021-06-01
5,Complete,After 2021-06-01
3,Complete,After 2021-06-01
2,Complete,After 2021-06-01
3,Complete,After 2021-06-01
4,Complete,After 2021-06-01
5,Complete,After 2021-06-01
5,Complete,After 2021-06-01
2,Complete,After 2021-06-01
1,Complete,After 2021-06-01
4,Complete,After 2021-06-01
5,Complete,After 2021-06-01
3,Complete,After 2021-06-01
5,Complete,After 2021-06-01
5,Complete,After 2021-06-01
3,Complete,After 2021-06-01
2,Complete,After 2021-06-01
3,Complete,After 2021-06-01
5,Complete,After 2021-06-01
2,Complete,After 2021-06-01
5,Complete,After 2021-06-01
4,Complete,After 2021-06-01
4,Complete,After 2021-06-01
5,Complete,After 2021-06-01
5,Complete,After 2021-06-01
1,Complete,After 2021-06-01
4,Complete,After 2021-06-01
4,Complete,After 2021-06-01
1,Complete,After 2021-06-01
2,Complete,After 2021-06-01
1,Complete,After 2021-06-01
3,Complete,After 2021-06-01
2,Complete,After 2021-06-01
4,Complete,After 2021-06-01
4,Complete,After 2021-06-01
1,Complete,After 2021-06-01
3,Complete,After 2021-06-01
4,Complete,After 2021-06-01
5,Complete,After 2021-06-01
5,Complete,After 2021-06-01
2,Complete,After 2021-06-01
3,Complete,After 2021-06-01
2,Complete,After 2021-06-01
5,Complete,After 2021-06-01
3,Complete,After 2021-06-01
1,Complete,After 2021-06-01
5,Complete,After 2021-06-01
3,Complete,After 2021-06-01
5,Complete,After 2021-06-01
4,Complete,After 2021-06-01
5,Complete,After 2021-06-01
3,Complete,After 2021-06-01
1,Complete,After 2021-06-01
4,Complete,After 2021-06-01
3,Complete,After 2021-06-01
4,Complete,After 2021-06-01
4,Complete,After 2021-06-01
3,Complete,After 2021-06-01
3,Complete,After 2021-06-01
4,Complete,After 2021-06-01
4,Complete,After 2021-06-01
1,Complete,After 2021-06-01
4,Complete,After 2021-06-01
5,Complete,After 2021-06-01
2,Complete,After 2021-06-01
1,Complete,After 2021-06-01
